Sample_ID,Code,Sample_Date,Sample_Time,Gage_Ht,Temp,pH,Cond,Cl,NO3,SO4-S,Na,K,Mg,Ca,NH4-N,PO4-P,DOC,DIC,TDN,TDP,SiO2,DON,TSS
QPB,1578,6/6/1989,-9999,-9999,21,7.09,61.3,-9999,48.2,-9999,5.62,0.35,2.79,3.34,-9999,-9999,-9999,-9999,-9999,-9999,-9999,-9999,-9999
QPB,1605,6/13/1989,1108,-9999,-9999,6.92,61.3,-9999,38.91,-9999,5.18,0.29,2.79,3.34,-9999,-9999,-9999,-9999,0.48,-9999,-9999,-9999,-9999
QPB,1659,6/20/1989,945,-9999,21.5,7.03,72.8,-9999,52.64,1.16,6.29,0.43,3.34,4.43,-9999,-9999,-9999,-9999,-9999,-9999,21.77,-9999,-9999
QPB,1691,6/27/1989,932,-9999,22,7.08,64.9,-9999,2.5,0.6,6.05,0.33,3.26,3.17,-9999,-9999,-9999,-9999,-9999,-9999,28,-9999,-9999
QPB,1699,7/5/1989,-9999,-9999,-9999,6.9,53.2,-9999,10,-9999,5.35,0.41,2.27,2.73,-9999,-9999,-9999,-9999,0.31,-9999,8.15,-9999,-9999
QPB,1988,7/11/1989,-9999,-9999,-9999,6.89,57.1,-9999,13,0.28,5.71,0.42,3,3.39,-9999,-9999,-9999,-9999,0.79,-9999,25.69,-9999,-9999
QPB,2036,7/18/1989,941,-9999,21.5,6.68,59.6,-9999,135.19,-9999,6.7,0.36,2.49,2.55,-9999,-9999,-9999,-9999,0.6,-9999,12.67,-9999,-9999
QPB,2054,7/26/1989,-9999,-9999,-9999,6.95,55.7,-9999,8.84,-9999,5.66,0.35,2.46,2.8,-9999,-9999,-9999,-9999,-9999,-9999,-9999,-9999,-9999
QPB,2110,8/1/1989,-9999,-9999,-9999,6.78,48.9,-9999,31,-9999,5.06,0.31,2.09,2.61,-9999,-9999,-9999,-9999,0.35,-9999,7.96,-9999,-9999
QPB,2127,8/8/1989,1115,-9999,22,7.27,63.8,-9999,94,-9999,6.13,0.3,3.08,3.24,-9999,-9999,-9999,-9999,-9999,-9999,18.71,-9999,-9999
QPB,2141,8/15/1989,1115,-9999,22,6.62,58.7,-9999,81,-9999,5.74,0.33,2.83,3.02,-9999,-9999,-9999,-9999,-9999,-9999,17.6,-9999,-9999
QPB,2154,8/22/1989,1115,-9999,21.5,7,65.6,-9999,10,-9999,4.77,0.36,2.15,2.75,-9999,-9999,-9999,-9999,-9999,-9999,13.72,-9999,-9999
QPB,2163,8/29/1989,959,-9999,21,6.9,44.7,-9999,68.93,-9999,4.4,0.33,0.15,2.4,-9999,-9999,-9999,-9999,0.14,-9999,13.07,-9999,-9999
QPB,2202,9/5/1989,915,-9999,22,6.56,56.4,-9999,71.99,-9999,5.07,0.36,2.64,2.76,-9999,-9999,-9999,-9999,-9999,-9999,17.58,-9999,-9999
QPB,2214,9/12/1989,926,-9999,21,6.89,59.5,-9999,11.76,0.46,4.57,0.35,2.05,2.67,-9999,-9999,-9999,-9999,0.14,-9999,13.15,-9999,-9999
QPB,2223,9/26/1989,-9999,-9999,21,6.69,74.9,-9999,2.5,0.96,6.11,0.77,2.22,2.61,-9999,-9999,-9999,-9999,-9999,-9999,11.42,-9999,-9999
QPB,2236,10/3/1989,1205,-9999,22,7.01,78,-9999,23.57,0.5,7.05,0.72,3.47,4.16,-9999,2,-9999,-9999,-9999,-9999,-9999,-9999,-9999
QPB,2251,10/10/1989,1103,-9999,22,6.79,76,8.09,61.23,0.5,6.37,0.49,3,3.37,-9999,2,-9999,-9999,-9999,-9999,36.24,-9999,-9999
QPB,2259,10/17/1989,1235,-9999,19.5,7.03,91,8.52,86.7,0.7,6.75,0.59,3.07,3.5,-9999,2,-9999,-9999,-9999,-9999,34.52,-9999,-9999
QPB,2270,10/24/1989,-9999,-9999,-9999,7.23,93,7.28,239.43,0.73,7.47,0.93,3.69,4.54,-9999,-9999,-9999,-9999,-9999,-9999,24.44,-9999,-9999
QPB,2303,10/31/1989,1230,-9999,22,7.2,90.2,-9999,209.1,0.96,7.03,0.76,3.64,3.79,-9999,2,-9999,-9999,-9999,-9999,-9999,-9999,-9999
QPB,2313,11/7/1989,-9999,-9999,-9999,-9999,-9999,-9999,131.1,1.03,6.54,0.81,2.82,3.09,-9999,2,-9999,-9999,-9999,-9999,-9999,-9999,-9999
QPB,2330,11/14/1989,1110,-9999,22,7.55,76,-9999,266.1,-9999,6.15,0.82,2.83,3.13,-9999,2,-9999,-9999,-9999,-9999,-9999,-9999,-9999
QPB,2357,11/21/1989,-9999,-9999,-9999,-9999,-9999,-9999,133.9,0.53,6.11,0.63,2.99,3.09,-9999,2,-9999,-9999,-9999,-9999,-9999,-9999,-9999
QPB,2372,11/28/1989,1250,-9999,21,7.2,86,8.76,143.1,0.53,5.35,0.48,3.29,3.55,-9999,2,-9999,-9999,-9999,-9999,28.64,-9999,-9999
QPB,2383,12/5/1989,1122,-9999,21,7.54,80,8.22,186,0.46,5.29,0.51,3.45,3.88,-9999,2,-9999,-9999,-9999,-9999,28.89,-9999,-9999
QPB,2394,12/12/1989,1035,-9999,21.5,6.75,64.6,7.22,10,0.37,6.17,0.53,4.52,5.87,-9999,2,-9999,-9999,-9999,-9999,24.3,-9999,-9999
QPB,2422,12/19/1989,1135,-9999,21,6.91,69.4,-9999,180,-9999,5.62,0.45,3.81,4.35,-9999,2,-9999,-9999,-9999,-9999,-9999,-9999,-9999
QPB,2433,12/26/1989,1235,-9999,21,7.35,71.9,-9999,171,-9999,5.61,0.44,3.91,4.6,-9999,2,-9999,-9999,-9999,-9999,17.65,-9999,-9999
QPB,2444,1/2/1990,1105,-9999,21,6.76,78.8,-9999,-9999,0.53,5.79,1.01,3.09,3.99,-9999,2,-9999,-9999,-9999,-9999,21.76,-9999,-9999
QPB,2455,1/9/1990,1030,-9999,20,6.98,64,-9999,180.67,-9999,5.54,0.55,3.26,3.75,-9999,2,-9999,-9999,-9999,-9999,12.85,-9999,-9999
QPB,2486,1/16/1990,1125,-9999,21,6.91,64.9,-9999,24.96,0.69,5.45,0.6,3.38,3.94,-9999,2,-9999,-9999,0.42,-9999,-9999,-9999,-9999
QPB,2495,1/23/1990,1110,-9999,20,6.97,56,8.51,37.56,0.79,5.35,0.65,2.69,1.48,-9999,2,-9999,-9999,0.25,-9999,12.65,-9999,-9999
QPB,2510,1/30/1990,1110,-9999,20,6.82,47.8,7.89,172.56,0.34,5.35,0.6,2.75,3.26,-9999,2,-9999,-9999,0.33,-9999,13.73,-9999,-9999
QPB,2542,2/6/1990,1045,-9999,19.5,6.9,87.6,11.29,141.59,0.29,6.6,0.57,2.85,3.52,-9999,2,-9999,-9999,0.64,-9999,11.09,-9999,-9999
QPB,2553,2/13/1990,1045,-9999,20,6.77,77.4,14.66,662.52,0.5,6.04,0.69,3.12,3.49,-9999,2,-9999,-9999,0.37,-9999,9.36,-9999,-9999
QPB,2567,2/20/1990,1235,-9999,20,6.77,60.7,10.07,378.12,0.52,5.05,0.77,2.87,3.25,-9999,2,-9999,-9999,0.19,-9999,8.48,-9999,-9999
QPB,2605,2/27/1990,145,-9999,20,7.1,60.1,9.6,146,0.32,6.03,0.64,2.97,3.48,-9999,2,-9999,-9999,0.03,-9999,8.08,-9999,-9999
QPB,2615,3/6/1990,1100,-9999,20,7.01,77.8,3.61,130,0.28,6.19,0.6,3.12,3.57,-9999,2,-9999,-9999,-9999,-9999,8.59,-9999,-9999
QPB,2626,3/13/1990,1005,-9999,20,6.23,46.1,7.36,291.51,0.74,4.41,1.04,1.09,1.56,-9999,2,-9999,-9999,0.03,-9999,2.29,-9999,-9999
QPB,2662,3/20/1990,1150,-9999,20,6.97,69.2,8.84,135.23,0.58,5.84,0.68,2.84,3.13,-9999,2,-9999,-9999,0.03,-9999,7.78,-9999,-9999
QPB,2673,3/27/1990,-9999,-9999,-9999,-9999,-9999,9.14,278,0.8,5.68,0.8,2.57,3.1,-9999,2,-9999,-9999,-9999,-9999,6.15,-9999,-9999
QPB,2740,4/3/1990,1031,-9999,-9999,7.17,75.6,-9999,169.33,0.58,5.99,0.6,2.98,3.34,-9999,-9999,0.93,-9999,-9999,-9999,-9999,-9999,-9999
QPB,2941,4/10/1990,1059,-9999,21,7.23,81.3,-9999,18.45,0.77,5.41,0.57,3.32,3.56,-9999,2,0.78,-9999,0.5,-9999,-9999,-9999,-9999
QPB,2995,4/17/1990,1018,-9999,-9999,7.05,80.3,-9999,192,0.92,5.56,0.56,3.14,3.33,-9999,2,2.66,-9999,0.63,-9999,-9999,-9999,-9999
QPB,3006,4/24/1990,-9999,-9999,-9999,-9999,-9999,-9999,153,-9999,5.65,0.57,3.24,3.45,-9999,2,1.15,-9999,-9999,-9999,-9999,-9999,-9999
QPB,3037,5/1/1990,1037,-9999,21,6.86,73,-9999,218.01,0.05,5.4,0.62,2.95,3.27,-9999,2,1.7,-9999,0.57,-9999,-9999,-9999,-9999
QPB,3216,5/8/1990,1012,-9999,22,7.05,84.9,8.31,70,0.35,5.75,0.58,3.48,3.76,-9999,-9999,-9999,-9999,0.25,-9999,8.8,-9999,-9999
QPB,3226,5/15/1990,1015,-9999,21,6.77,62.5,9.05,157,-9999,4.96,0.62,2.25,2.6,-9999,2,2.87,-9999,0.65,-9999,4.94,-9999,-9999
QPB,3242,5/22/1990,1001,-9999,22,6.97,81.8,20.47,126,0.41,5.69,0.63,3.17,3.42,-9999,2,0.93,-9999,0.44,-9999,-9999,-9999,-9999
QPB,3349,5/29/1990,1016,-9999,23,6.78,84.4,8.34,143,-9999,6.02,0.6,3.58,3.68,-9999,2,1.65,-9999,0.33,-9999,-9999,-9999,-9999
QPB,3456,6/5/1990,938,-9999,22,6.69,68.1,8.32,215,0.5,5.52,0.61,2.83,3.11,-9999,2,2.7,-9999,-9999,-9999,-9999,-9999,-9999
QPB,3470,6/12/1990,1027,-9999,22.5,6.91,73.5,7.94,121,0.39,5.62,0.69,2.91,3.32,-9999,2,0.94,-9999,-9999,-9999,-9999,-9999,-9999
QPB,3481,6/19/1990,1015,-9999,22,7.02,79.7,8.94,132,0.48,5.98,0.61,3.37,3.75,-9999,2,1.17,-9999,-9999,-9999,-9999,-9999,-9999
QPB,3492,6/26/1990,1007,-9999,22,6.8,55.5,-9999,150,0.63,4.99,0.63,2.32,3.21,-9999,-9999,3.1,-9999,0.79,-9999,-9999,-9999,-9999
QPB,3503,7/3/1990,1055,-9999,22.5,7.03,76.6,8.18,138,0.91,5.91,0.6,3.34,3.63,-9999,2,1.03,-9999,0.43,-9999,8.73,-9999,-9999
QPB,3514,7/10/1990,1026,-9999,22,6.78,74.2,9.56,124,-9999,5.76,0.61,3.3,3.58,-9999,2,1.08,-9999,0.46,-9999,8.34,-9999,-9999
QPB,3528,7/17/1990,104,-9999,23,7.1,85.4,7.72,97,0.69,5.75,0.58,3.3,3.73,-9999,2,3.77,-9999,-9999,-9999,7.77,-9999,-9999
QPB,3539,7/24/1990,1045,-9999,22,6.71,56.1,-9999,169,0.71,4.85,0.58,2.22,2.71,-9999,2,-9999,-9999,-9999,-9999,-9999,-9999,-9999
QPB,3550,7/31/1990,959,-9999,22,6.99,76.8,-9999,63,0.65,6.09,0.55,3.47,3.82,-9999,2,1.27,-9999,0.28,-9999,-9999,-9999,-9999
QPB,3561,8/7/1990,1055,-9999,23,7.12,90.4,-9999,133,0.3,6.53,0.57,4.16,5.12,-9999,2,0.99,-9999,0.2,-9999,-9999,-9999,-9999
QPB,3669,8/14/1990,1125,-9999,22.5,6.74,58.2,10.27,80,0.36,4.84,0.59,1.98,2.24,-9999,2,2.45,-9999,0.29,-9999,6.06,-9999,-9999
QPB,3680,8/21/1990,1017,-9999,23,7,78.4,11.78,116,1.5,5.06,0.55,3.09,3.72,-9999,-9999,1.53,-9999,0.18,-9999,-9999,-9999,-9999
QPB,3691,8/28/1990,930,-9999,23,6.1,81.1,4.49,79,0.49,6.17,0.54,3.6,4.2,-9999,2,1.24,-9999,0.17,-9999,-9999,-9999,-9999
QPB,3702,9/4/1990,940,-9999,23,7.45,73.4,12.02,99.29,0.84,5.66,0.49,2.94,3.58,-9999,2,2.19,-9999,0.25,-9999,-9999,-9999,-9999
QPB,3713,9/11/1990,1040,-9999,24,7.28,77.8,14.26,60.71,0.75,6.12,0.48,3.4,4.19,-9999,2,1.32,-9999,0.18,-9999,-9999,-9999,-9999
QPB,3724,9/18/1990,1028,-9999,24,7.14,65.8,4.69,5.39,0.67,5.58,0.44,2.91,3.61,-9999,2,-9999,-9999,0.23,-9999,-9999,-9999,-9999
QPB,3995,9/25/1990,905,-9999,22.5,7.1,74.5,4.54,68.18,0.64,5.67,0.49,2.99,3.6,-9999,2,2.96,-9999,0.3,-9999,-9999,-9999,-9999
QPB,4015,10/2/1990,920,-9999,23.5,7.39,78,7.9,68.7,0.73,5.89,0.46,3.51,4.36,-9999,2,3.15,-9999,0.27,-9999,-9999,-9999,-9999
QPB,4087,10/9/1990,1025,-9999,23,6.96,72.1,8.27,130.59,0.85,5.36,0.48,2.56,3.29,-9999,19.23,2.34,-9999,-9999,-9999,-9999,-9999,-9999
QPB,4098,10/16/1990,1115,-9999,22,7.18,80.2,7.78,67.16,0.7,5.81,0.48,3.05,3.46,-9999,16.3,-9999,-9999,0.31,-9999,-9999,-9999,-9999
QPB,4174,10/23/1990,1105,-9999,22,4.12,69,-9999,92.59,0.7,5.46,0.5,2.79,2.95,-9999,2,-9999,-9999,0.33,-9999,-9999,-9999,-9999
QPB,4314,10/30/1990,1017,-9999,23,7.21,63.5,-9999,7.4,0.57,4.75,0.47,2.44,2.57,-9999,2,-9999,-9999,0.38,-9999,-9999,-9999,-9999
QPB,4325,11/6/1990,1020,-9999,22.5,7.22,77.8,-9999,25.92,0.57,2.93,0.25,1.86,2.54,-9999,2,-9999,-9999,0.23,-9999,-9999,-9999,-9999
QPB,4336,11/13/1990,1036,-9999,22,7.24,78.5,-9999,137.5,0.8,6.43,0.57,4.28,2.01,-9999,5.12,-9999,-9999,0.41,-9999,-9999,-9999,-9999
QPB,4371,11/20/1990,920,-9999,22,7.38,80.1,-9999,151.75,0.41,5.97,0.45,3.39,3.5,-9999,2,-9999,-9999,0.47,-9999,-9999,-9999,-9999
QPB,4397,11/27/1990,1219,-9999,22,7.17,70.1,-9999,119.4,0.62,5.37,0.48,2.85,3.38,-9999,4.56,-9999,-9999,0.22,-9999,-9999,-9999,-9999
QPB,4408,12/4/1990,1224,-9999,23,6.73,63.9,-9999,113.3,0.66,5.56,0.48,0.37,0.25,-9999,-9999,-9999,-9999,0.88,-9999,-9999,-9999,-9999
QPB,4422,12/11/1990,1042,-9999,20.5,7.08,69.2,-9999,117.88,0.79,5.56,0.29,3.01,3.44,-9999,2,-9999,-9999,0.43,-9999,-9999,-9999,-9999
QPB,4492,12/18/1990,1129,-9999,21,6.92,68.5,-9999,96.15,0.76,5.36,0.48,2.9,3.34,-9999,2,-9999,-9999,0.15,-9999,-9999,-9999,-9999
QPB,4569,12/25/1990,203,-9999,20.5,6.98,82.2,-9999,105.26,0.76,5.62,0.43,3.09,3.55,-9999,2,-9999,-9999,0.28,-9999,-9999,-9999,-9999
QPB,4581,12/31/1990,1154,-9999,20.5,6.71,57.5,-9999,86.46,0.95,4.6,0.62,1.64,1.97,-9999,2,-9999,-9999,0.45,-9999,-9999,-9999,-9999
QPB,4779,1/8/1991,-9999,-9999,-9999,-9999,-9999,-9999,34.61,0.78,2.9,0.37,0.52,3.03,-9999,2,-9999,-9999,0.08,-9999,8.55,-9999,-9999
QPB,4776,1/15/1991,958,-9999,20.5,6.92,71.8,-9999,111.53,1.52,3.3,0.42,2.86,3.46,-9999,2,-9999,-9999,0.18,-9999,8.73,-9999,-9999
QPB,4765,1/22/1991,1151,-9999,19,7.19,71.5,-9999,-9999,-9999,3.51,0.35,2.91,3.41,-9999,2,-9999,-9999,0.15,-9999,-9999,-9999,-9999
QPB,4790,1/29/1991,-9999,-9999,-9999,-9999,-9999,-9999,-9999,1.82,3.9,0.41,3.25,3.98,-9999,56.55,-9999,-9999,0.15,-9999,8.55,-9999,-9999
QPB,4802,2/5/1991,1130,-9999,20,7.44,80.2,-9999,95.07,1.34,3.4,0.42,3.33,3.67,-9999,4.12,-9999,-9999,0.13,-9999,-9999,-9999,-9999
QPB,4814,2/12/1991,1156,-9999,20.5,7.24,75.5,-9999,28.38,1.24,3.61,0.44,3.36,4.13,-9999,2,-9999,-9999,0.1,-9999,-9999,-9999,-9999
QPB,4826,2/19/1991,1023,-9999,21.5,7.04,58,-9999,176.01,1.85,3.1,0.42,2.18,2.76,-9999,4.3,-9999,-9999,0.48,-9999,-9999,-9999,-9999
QPB,4838,2/26/1991,1111,-9999,20.5,6.96,71.8,-9999,78.01,0.81,3.4,0.38,3.24,3.43,-9999,2,-9999,-9999,0.22,-9999,-9999,-9999,-9999
QPB,4850,3/5/1991,1055,-9999,20,6.99,67.2,-9999,109.37,0.87,5.48,0.36,3,3.48,-9999,-9999,-9999,-9999,0.27,-9999,-9999,-9999,-9999
QPB,4862,3/12/1991,1110,-9999,19.5,7.02,73,-9999,101.8,0.73,5.64,0.83,3.13,3.7,-9999,-9999,-9999,-9999,0.19,-9999,-9999,-9999,-9999
QPB,4874,3/19/1991,915,-9999,20,6.63,66.9,-9999,147.71,0.74,6.35,-9999,2.8,3.6,-9999,5.74,-9999,-9999,0.23,-9999,-9999,-9999,-9999
QPB,4886,3/26/1991,1100,-9999,20,6.88,77.2,-9999,103.11,0.76,5.77,0.37,3.04,3.57,-9999,14.36,-9999,-9999,0.14,-9999,-9999,-9999,-9999
QPB,4948,4/2/1991,1225,-9999,20.5,7.3,79.1,-9999,172.96,0.78,6,0.42,3.37,3.91,-9999,2,-9999,-9999,0.15,-9999,-9999,-9999,-9999
QPB,4981,4/9/1991,1120,-9999,20,7.01,71.6,-9999,97.71,-9999,5.83,0.38,2.73,3.16,-9999,2,-9999,-9999,0.11,-9999,-9999,-9999,-9999
QPB,5055,4/15/1991,930,-9999,22,7.02,71.3,-9999,125.67,-9999,5.62,0.56,2.53,3.11,-9999,2,-9999,-9999,-9999,-9999,-9999,-9999,-9999
QPB,5128,4/23/1991,1131,-9999,22,6.93,70.4,-9999,88.39,-9999,6.4,0.54,2.75,3.33,-9999,2,-9999,-9999,-9999,-9999,-9999,-9999,-9999
QPB,5208,4/30/1991,1052,-9999,21,7.15,79.4,-9999,19.41,-9999,6.75,0.48,2.22,2.71,-9999,6.2,-9999,-9999,-9999,-9999,-9999,-9999,-9999
QPB,5440,5/7/1991,1114,-9999,21.5,7.33,71.5,-9999,17.54,-9999,5.99,0.44,1.62,3.09,-9999,2,-9999,-9999,0.15,-9999,-9999,-9999,-9999
QPB,5555,5/14/1991,1230,-9999,21.5,7.11,72.2,-9999,74.96,0.84,5.49,0.49,1.77,3.08,-9999,6.84,-9999,-9999,0.13,-9999,-9999,-9999,-9999
QPB,6079,5/21/1991,1008,-9999,22,7.08,78.5,-9999,77.99,0.85,4.84,0.36,3.14,3.7,-9999,2,-9999,-9999,0.29,-9999,-9999,-9999,-9999
QPB,6122,5/28/1991,1053,-9999,22,6.98,73.1,-9999,14.45,0.83,6.12,0.44,3.14,3.86,-9999,2,-9999,-9999,0.16,-9999,-9999,-9999,-9999
QPB,6164,6/4/1991,1036,-9999,23,7.01,79.7,-9999,36.19,-9999,6.59,0.47,1.79,3.08,-9999,-9999,-9999,-9999,0.12,-9999,-9999,-9999,-9999
QPB,6277,6/11/1991,1140,-9999,22,7.06,79.5,8.02,94.86,-9999,5.97,0.6,0.73,3.48,-9999,9.22,-9999,-9999,0.39,-9999,-9999,-9999,-9999
QPB,6314,6/18/1991,1300,-9999,23,7.3,83.9,12.84,104.75,1.47,6.64,0.46,0.83,2.31,-9999,2,-9999,-9999,0.34,-9999,-9999,-9999,-9999
QPB,6401,6/25/1991,1136,-9999,23,7.09,87.2,8.03,6.21,0.76,6.41,0.45,1.66,3.11,-9999,2,-9999,-9999,0.22,-9999,-9999,-9999,-9999
QPB,6414,7/2/1991,1046,-9999,23,7.42,75.2,8.45,18.47,0.87,5.54,0.42,1.62,3.21,-9999,-9999,-9999,-9999,0.3,-9999,-9999,-9999,-9999
QPB,6427,7/9/1991,1215,-9999,23,7.49,82.4,8.22,64.43,0.81,6.23,0.48,1.55,3.11,-9999,-9999,-9999,-9999,0.33,-9999,-9999,-9999,-9999
QPB,6475,7/16/1991,1205,-9999,22,7.03,52.5,8.09,72.57,1.29,4.85,0.53,3.17,3.9,-9999,-9999,-9999,-9999,0.53,-9999,-9999,-9999,-9999
QPB,6486,7/23/1991,1130,-9999,22.5,7.3,90.5,-9999,25.32,0.72,6.68,0.38,3.32,3.92,-9999,2,-9999,-9999,0.13,-9999,-9999,-9999,-9999
QPB,6501,7/30/1991,1315,-9999,23,7.12,83,7.6,89.01,0.74,6.67,0.35,2.91,3.14,-9999,2,-9999,-9999,-9999,-9999,-9999,-9999,-9999
QPB,6661,8/6/1991,1030,-9999,23,7.16,87.6,2.2,143.28,1.87,6.92,0.4,4.5,4.37,-9999,2,-9999,-9999,-9999,-9999,-9999,-9999,-9999
QPB,6775,8/13/1991,1035,-9999,24,6.99,86.6,7.99,101.74,0.75,7,0.39,4.56,2.78,-9999,2,-9999,-9999,-9999,-9999,-9999,-9999,-9999
QPB,6788,8/20/1991,1205,-9999,23,6.93,89.1,-9999,31.62,0.79,6.26,0.41,4.47,4.95,-9999,2,-9999,-9999,-9999,-9999,-9999,-9999,-9999
QPB,6919,8/27/1991,1115,-9999,22.5,6.85,58.3,6.19,86.48,1.07,5.01,0.47,2.41,3.19,-9999,2,-9999,-9999,-9999,-9999,15.18,-9999,-9999
QPB,7130,9/3/1991,1135,-9999,23,7.16,87.1,-9999,14.67,0.64,6.33,0.46,3.2,3.27,-9999,2,-9999,-9999,-9999,-9999,18.55,-9999,-9999
QPB,7143,9/10/1991,-9999,-9999,-9999,7.13,82.6,-9999,59.36,0.7,5.77,0.45,2.87,3.69,-9999,2,-9999,-9999,-9999,-9999,23.69,-9999,-9999
QPB,7156,9/17/1991,1312,-9999,22,7.26,75,7.15,59.14,0.1,6.99,0.54,3.42,4.34,-9999,2,-9999,-9999,-9999,-9999,19.6,-9999,-9999
QPB,7195,9/24/1991,1320,-9999,23,7.23,77.5,6.76,62.27,0.92,7,0.53,3.75,4.21,-9999,2,-9999,-9999,-9999,-9999,20.88,-9999,-9999
QPB,7208,10/1/1991,1026,-9999,22.5,6.92,62,7.29,77.89,1.29,6.61,0.53,2.98,3.05,-9999,2,-9999,-9999,-9999,-9999,15.62,-9999,-9999
QPB,7221,10/8/1991,1100,-9999,23,7.25,94.3,5.34,160.07,0.1,6.7,0.49,3.65,4.08,-9999,2,-9999,-9999,-9999,-9999,22.05,-9999,-9999
QPB,7234,10/15/1991,1040,-9999,22,7.33,96.9,7.54,176.27,0.77,6.55,0.48,3.58,3.45,-9999,4.05,-9999,-9999,-9999,-9999,25.48,-9999,-9999
QPB,7247,10/22/1991,927,-9999,23,7.22,107.8,8.19,-9999,2.05,7.11,0.46,4.16,4.22,-9999,6.35,1.54,-9999,-9999,-9999,27.24,-9999,-9999
QPB,7260,10/29/1991,935,-9999,19.5,7.07,86,7.44,110.22,0.12,3.89,-9999,1.6,5.72,-9999,2,-9999,-9999,-9999,-9999,23.73,-9999,-9999
QPB,7273,11/5/1991,950,-9999,21,7.16,63.5,8.15,105.28,0.83,5.54,1.61,2.59,2.61,-9999,29.96,-9999,-9999,-9999,-9999,15.75,-9999,-9999
QPB,7286,11/12/1991,1125,-9999,21,7.16,59.6,7.24,82.72,0.61,5.29,0.43,2.19,2.53,-9999,2,2.43,-9999,-9999,-9999,16.36,-9999,-9999
QPB,7305,11/18/1991,1037,-9999,20.5,7.11,70.9,4.41,46.02,0.93,6.02,0.39,2.89,3.36,-9999,2,2.06,-9999,-9999,-9999,19.34,-9999,-9999
QPB,7318,11/26/1991,1112,-9999,21,7.07,53.9,7.45,70.33,0.91,5.99,0.45,2.53,2.28,-9999,2,-9999,-9999,-9999,-9999,16.07,-9999,-9999
QPB,7435,12/3/1991,1205,-9999,-9999,7,55.4,4.81,13.6,0.85,5.21,0.36,2.13,2.2,-9999,2,-9999,-9999,-9999,-9999,10.53,-9999,-9999
QPB,7448,12/10/1991,1100,-9999,-9999,7.35,65.3,8.13,74.98,1.26,5.9,0.47,2.61,2.32,-9999,2,-9999,-9999,-9999,-9999,19.37,-9999,-9999
QPB,7461,12/17/1991,1201,-9999,20.5,7.14,64,9.12,79.41,1.19,6.24,0.44,3.02,3.64,-9999,2,-9999,-9999,-9999,-9999,17.48,-9999,-9999
QPB,7474,12/23/1991,1030,-9999,19,7.54,71.5,9.14,74.98,1.22,6.52,0.46,3.1,3.87,-9999,8.57,-9999,-9999,-9999,-9999,16.35,-9999,-9999
QPB,7487,12/30/1991,1115,-9999,20,7.21,77.9,9.33,133.24,0.56,6.51,0.4,3.3,3.88,-9999,2,-9999,-9999,-9999,-9999,16.35,-9999,-9999
QPB,7500,1/7/1992,230,-9999,-9999,7.08,71.2,8.24,181.35,0.38,5.7,0.46,2.68,3.23,-9999,2,-9999,-9999,-9999,-9999,14.8,-9999,-9999
QPB,7513,1/14/1992,1135,-9999,19.5,7.28,67.3,8.55,68.37,0.6,5.81,0.31,2.48,2.98,-9999,19.3,1.51,-9999,-9999,-9999,12.99,-9999,-9999
QPB,8644,1/21/1992,1045,-9999,20,7.28,78.5,8.92,79.96,0.45,6.78,0.42,3.37,3.95,-9999,6,0.83,-9999,-9999,-9999,18.04,-9999,-9999
QPB,9036,1/28/1992,1035,-9999,20,7.32,93.5,2.81,42.3,0.31,7.16,0.56,3.69,4.08,-9999,10.07,1.72,-9999,-9999,-9999,24.49,-9999,-9999
QPB,9121,2/4/1992,930,-9999,19,7.27,89.4,7.85,129.05,0.83,6.69,0.47,3.64,3.91,-9999,-9999,2.37,-9999,-9999,-9999,21.89,-9999,-9999
QPB,9134,2/11/1992,925,-9999,-9999,7.48,91.6,-9999,92.15,0.26,8.97,0.65,4.77,6.62,-9999,-9999,-9999,-9999,-9999,-9999,23.83,-9999,-9999
QPB,9208,2/18/1992,910,-9999,20,7.36,103,-9999,106.56,2,7.16,0.56,4.28,5.81,-9999,2,-9999,-9999,-9999,-9999,26.73,-9999,-9999
QPB,9221,2/25/1992,1025,-9999,20,7.36,110.05,-9999,21.53,1.6,7.18,0.42,4.24,4.87,-9999,2,-9999,-9999,-9999,-9999,-9999,-9999,-9999
QPB,9234,3/3/1992,835,-9999,20,6.85,105.6,-9999,162.32,1.07,10.47,0.67,6.23,8.66,-9999,2,-9999,-9999,-9999,-9999,28.1,-9999,-9999
QPB,9479,3/10/1992,1025,-9999,20,6.89,108.1,-9999,131.38,0.82,7.08,0.44,4.31,5.32,-9999,5.41,-9999,-9999,-9999,-9999,26.99,-9999,-9999
QPB,9492,3/17/1992,955,-9999,20,7.13,102.1,-9999,17.94,0.77,7.23,0.53,4.47,5.68,-9999,8.95,-9999,-9999,-9999,-9999,28.1,-9999,-9999
QPB,9505,3/24/1992,-9999,-9999,-9999,-9999,-9999,-9999,-9999,-9999,8.31,0.75,3.85,5.9,-9999,2,-9999,-9999,-9999,-9999,-9999,-9999,-9999
QPB,9518,4/1/1992,925,-9999,20,6.92,104.2,-9999,120.95,0.65,10.33,0.69,5.48,7.8,-9999,5.92,-9999,-9999,-9999,-9999,27.75,-9999,-9999
QPB,9531,4/7/1992,900,-9999,21,6.86,100.9,-9999,9.98,0.76,6.62,0.37,5.02,5.56,-9999,-9999,-9999,-9999,-9999,-9999,-9999,-9999,-9999
QPB,9544,4/14/1992,915,-9999,20.5,6.93,89.3,-9999,33.55,0.49,8.06,0.6,3.74,4.74,-9999,-9999,-9999,-9999,-9999,-9999,19.55,-9999,-9999
QPB,9557,4/21/1992,1200,-9999,21,6.35,95.8,-9999,39.07,0.58,7.01,0.57,3.77,4.56,-9999,-9999,-9999,-9999,-9999,-9999,21.93,-9999,-9999
QPB,9801,4/28/1992,850,-9999,22,6.68,103.4,-9999,146.32,0.65,7.37,0.47,4.54,5.78,-9999,-9999,-9999,-9999,-9999,-9999,25.04,-9999,-9999
QPB,9916,5/5/1992,953,-9999,21,6.3,64.8,-9999,125.25,0.72,7.04,0.58,3.02,3.83,-9999,-9999,-9999,-9999,-9999,-9999,18.45,-9999,-9999
QPB,10455,5/12/1992,956,-9999,21,6.42,81.2,8.94,115.67,1.35,7.2,0.4,3.46,4.39,-9999,-9999,-9999,-9999,-9999,-9999,15.61,-9999,-9999
QPB,10710,5/19/1992,956,-9999,22,7.39,79,9.41,114.66,0.56,7.32,0.45,3.98,4.95,-9999,-9999,-9999,-9999,-9999,-9999,22.88,-9999,-9999
QPB,10768,5/26/1992,928,-9999,22,7.3,69,8.02,-9999,0.53,6.89,0.56,3.2,4.25,-9999,-9999,-9999,-9999,-9999,-9999,15.45,-9999,-9999
QPB,10781,6/2/1992,942,-9999,22,6.14,89,8.49,9.98,0.89,6.65,0.19,3.62,4.85,-9999,-9999,-9999,-9999,-9999,-9999,18.16,-9999,-9999
QPB,10893,6/9/1992,840,-9999,22,6.19,83.4,8.49,28.79,1.58,6.7,0.5,3.81,4.93,-9999,-9999,-9999,-9999,-9999,-9999,22.82,-9999,-9999
QPB,10906,6/16/1992,910,-9999,22,6.34,52.9,7.77,26.51,0.83,5.71,0.55,2.27,3.18,-9999,-9999,-9999,-9999,-9999,-9999,10.99,-9999,-9999
QPB,11127,6/23/1992,909,-9999,22,6.64,76.7,-9999,32.36,0.7,6.07,0.39,3.19,4.04,-9999,-9999,-9999,-9999,-9999,-9999,22.31,-9999,-9999
QPB,11289,6/30/1992,905,-9999,25,6.99,101.6,9.18,116.5,0.52,7.09,0.7,4.35,5.93,-9999,89.12,-9999,-9999,-9999,-9999,20.71,-9999,-9999
QPB,11302,7/7/1992,905,-9999,23,6.15,99.9,-9999,73.79,0.97,4.83,0.46,2.64,3.57,-9999,-9999,-9999,-9999,-9999,-9999,26.07,-9999,-9999
QPB,11315,7/14/1992,920,-9999,23,6.83,83.1,7.94,50.81,0.56,6.48,0.38,3.64,4.89,-9999,-9999,-9999,-9999,-9999,-9999,22.79,-9999,-9999
QPB,11328,7/21/1992,940,-9999,22,6.9,86.3,8.12,84.75,0.51,6.53,0.54,3.87,5.17,-9999,-9999,-9999,-9999,-9999,-9999,22.89,-9999,-9999
QPB,11389,7/28/1992,915,-9999,23,7.43,80.5,7.97,121.59,0.53,6.46,0.46,3.49,4.61,-9999,-9999,-9999,-9999,-9999,-9999,21.34,-9999,-9999
QPB,11402,8/4/1992,930,-9999,23,7.3,86.1,8.4,38.18,0.5,6.86,0.46,3.8,5.37,-9999,-9999,-9999,-9999,-9999,-9999,21.21,-9999,-9999
QPB,11415,8/11/1992,935,-9999,23,7.12,51.9,6.02,79,0.61,5.01,0.44,2.12,2.84,-9999,-9999,-9999,-9999,-9999,-9999,12.8,-9999,-9999
QPB,11428,8/18/1992,937,-9999,24,7.47,90.2,13.56,117.95,0.8,10.45,0.61,5.84,7.61,-9999,-9999,-9999,-9999,-9999,-9999,17.36,-9999,-9999
QPB,11441,8/25/1992,1035,-9999,23,7.15,89.8,9.02,13.4,0.53,6.94,0.3,4.02,5.32,-9999,-9999,-9999,-9999,-9999,-9999,20.16,-9999,-9999
QPB,11454,9/1/1992,-9999,-9999,24,7.22,94.6,9.1,10,0.51,7.39,0.34,4.11,5.56,-9999,-9999,-9999,-9999,-9999,-9999,19.84,-9999,-9999
QPB,11467,9/8/1992,-9999,-9999,22,6.31,102.4,8.27,185.12,0.48,6.72,0.56,4.11,5.24,-9999,4.13,-9999,-9999,-9999,-9999,21.51,-9999,-9999
QPB,11480,9/15/1992,-9999,-9999,22,4.17,127.4,8.39,10,0.52,6.86,0.51,4.17,5.42,-9999,2,-9999,-9999,-9999,-9999,23.76,-9999,-9999
QPB,11493,9/22/1992,-9999,-9999,22,6.97,80.6,5.51,16.4,0.39,4.43,0.31,2.34,3.88,-9999,4.59,-9999,-9999,-9999,-9999,18.79,-9999,-9999
QPB,11506,9/29/1992,-9999,-9999,23,6.48,105.5,8.65,12.1,0.43,6.65,0.41,4.15,5.5,-9999,2,-9999,-9999,-9999,-9999,23.84,-9999,-9999
QPB,11519,10/6/1992,1008,-9999,23,6.93,101.4,11.85,27.85,0.53,7.46,0.5,4.67,6.11,-9999,2,-9999,-9999,-9999,-9999,26.64,-9999,-9999
QPB,11532,10/13/1992,925,-9999,22,7.32,107.5,8.52,70.71,0.42,6.99,0.38,4.59,6.06,-9999,2,-9999,-9999,-9999,-9999,26.8,-9999,-9999
QPB,11545,10/20/1992,927,-9999,21,7.14,98.2,9.9,20.78,0.64,6.79,0.41,4.31,5.87,-9999,2,-9999,-9999,-9999,-9999,27.02,-9999,-9999
QPB,11558,10/27/1992,1037,-9999,22,6.67,119.1,8.17,23.94,0.44,6.35,0.64,4.4,6.62,-9999,2,-9999,-9999,-9999,-9999,26.34,-9999,-9999
QPB,11571,11/3/1992,906,-9999,22,6.88,53.6,7,78.4,0.61,5.64,0.51,2.55,3.12,-9999,2,-9999,-9999,-9999,-9999,14.78,-9999,-9999
QPB,11584,11/10/1992,950,-9999,22,7.11,75.2,7.37,46.31,0.58,5.43,0.41,2.79,3.54,-9999,-9999,-9999,-9999,-9999,-9999,18.36,-9999,-9999
QPB,11597,11/17/1992,926,-9999,21,6.79,85.3,10.59,2.5,1.4,5.38,0.41,2.74,3.9,-9999,22.48,-9999,-9999,-9999,-9999,15.35,-9999,-9999
QPB,11610,11/24/1992,945,-9999,22,7.11,71.3,8.3,30.52,0.55,6.27,0.33,2.65,3.31,-9999,2,-9999,-9999,-9999,-9999,12.95,-9999,-9999
QPB,11623,12/1/1992,1016,-9999,21,7.16,73.2,8.28,7.37,0.54,6.06,0.53,3,3.34,-9999,2,-9999,-9999,-9999,-9999,18.49,-9999,-9999
QPB,11636,12/8/1992,920,-9999,21,6.94,67.8,8.23,35.46,0.5,5.93,0.36,2.77,3.07,-9999,2,-9999,-9999,-9999,-9999,17.9,-9999,-9999
QPB,11649,12/15/1992,913,-9999,21,7.15,69.4,3.91,6.1,0.26,4,0.58,4.28,1.32,-9999,2,-9999,-9999,-9999,-9999,-9999,-9999,-9999
QPB,11662,12/22/1992,903,-9999,20,6.93,48.9,6.08,-9999,0.74,4.58,0.49,1.71,2.24,-9999,19.27,-9999,-9999,-9999,-9999,8.57,-9999,-9999
QPB,11679,12/29/1992,1100,-9999,20.5,7.05,57.6,8.72,-9999,0.61,5.34,0.4,2.23,2.55,-9999,4.06,-9999,-9999,-9999,-9999,12.67,-9999,-9999
QPB,11692,1/5/1993,1150,-9999,21,7.02,66.6,-9999,-9999,-9999,6.44,0.54,2.71,2.72,-9999,2,-9999,-9999,-9999,-9999,18.24,-9999,-9999
QPB,11705,1/12/1993,1015,-9999,20,7.01,83.5,-9999,-9999,-9999,6.3,0.4,3.22,3.88,-9999,10.7,-9999,-9999,-9999,-9999,23.54,-9999,-9999
QPB,11718,1/19/1993,956,-9999,20,7.37,85.1,-9999,-9999,-9999,6.59,0.4,3.52,3.8,-9999,-9999,-9999,-9999,-9999,-9999,25.4,-9999,-9999
QPB,11731,1/26/1993,1018,-9999,20,7.14,81.7,-9999,-9999,-9999,6.21,0.44,3.07,3,-9999,-9999,-9999,-9999,-9999,-9999,20.2,-9999,-9999
QPB,11744,2/2/1993,907,-9999,20,7.06,95.7,-9999,-9999,-9999,6.64,0.41,3.88,4.49,-9999,-9999,-9999,-9999,-9999,-9999,26.2,-9999,-9999
QPB,11757,2/9/1993,937,-9999,20,6.95,-9999,-9999,-9999,-9999,6.67,0.58,3.44,3,-9999,-9999,-9999,-9999,-9999,-9999,23.16,-9999,-9999
QPB,11770,2/16/1993,1005,-9999,20,7.67,67.9,3.99,-9999,0.24,2.99,0.21,1.33,2.15,-9999,7.63,-9999,-9999,-9999,-9999,16.52,-9999,-9999
QPB,11783,2/23/1993,926,-9999,20,7.2,88.5,-9999,-9999,-9999,7,0.59,3.76,4.8,-9999,-9999,-9999,-9999,-9999,-9999,24.87,-9999,-9999
QPB,11796,3/2/1993,931,-9999,20,7.26,72.6,4.35,61,0.23,8.57,0.51,3.98,4.69,-9999,-9999,-9999,-9999,-9999,-9999,20.84,-9999,-9999
QPB,11809,3/9/1993,905,-9999,20,7.28,99.8,4.33,69.58,0.25,6.93,0.37,3.4,3.25,-9999,-9999,-9999,-9999,-9999,-9999,21.65,-9999,-9999
QPB,11822,3/16/1993,933,-9999,20,7.36,99.4,4.63,8.13,0.27,7.16,0.37,4.06,5.02,-9999,-9999,-9999,-9999,-9999,-9999,27.64,-9999,-9999
QPB,11908,3/23/1993,922,-9999,19,7.48,87.9,-9999,97.83,-9999,6.59,0.49,3.56,4.33,-9999,-9999,-9999,-9999,-9999,-9999,22.97,-9999,-9999
QPB,11921,3/30/1993,900,-9999,20,7.23,102.8,-9999,101.44,0.15,7.15,0.44,4.21,5.1,-9999,-9999,-9999,-9999,-9999,-9999,29.33,-9999,-9999
QPB,11934,4/6/1993,917,-9999,20,7.48,105.5,4.35,146.4,0.27,9.34,0.98,5.61,7.62,-9999,-9999,-9999,-9999,-9999,-9999,30.87,-9999,-9999
QPB,11947,4/13/1993,904,-9999,20,7.42,104.4,10.88,56.71,0.72,9.79,0.55,5.37,6.89,-9999,2,-9999,-9999,-9999,-9999,20.7,-9999,-9999
QPB,11960,4/20/1993,948,-9999,20,7.45,94.7,11.92,95.11,0.92,10.61,0.74,5.9,8.11,-9999,-9999,-9999,-9999,-9999,-9999,24.82,-9999,-9999
QPB,11973,4/27/1993,931,-9999,20,7.36,101.8,7.23,130.81,0.44,7.17,0.53,4.38,5.38,-9999,5.89,-9999,-9999,-9999,-9999,28.79,-9999,-9999
QPB,12016,5/4/1993,925,-9999,20,6.94,55.4,7.9,11.52,0.58,5.14,0.39,2.07,2.51,-9999,2,-9999,-9999,-9999,-9999,13.4,-9999,-9999
QPB,12029,5/11/1993,910,-9999,20,7.2,56.1,5.16,58.06,0.34,5.46,0.69,2.23,2.52,-9999,-9999,-9999,-9999,-9999,-9999,13.53,-9999,-9999
QPB,12042,5/18/1993,1016,-9999,21,7.46,87.4,8.63,47.44,0.55,6.77,0.39,3.49,5.3,-9999,2,-9999,-9999,-9999,-9999,19.25,-9999,-9999
QPB,12055,5/25/1993,920,-9999,20,7.03,46.3,7.96,28.46,0.74,4.64,0.28,1.82,2.45,-9999,-9999,-9999,-9999,-9999,-9999,7.12,-9999,-9999
QPB,12068,6/1/1993,955,-9999,21,7.1,82.9,8.57,2.5,0.55,6.65,0.44,3.73,4.99,-9999,-9999,-9999,-9999,-9999,-9999,22.6,-9999,-9999
QPB,12209,6/8/1993,1010,-9999,22,7.18,78.8,8.62,62.81,0.51,6.41,0.3,3.26,3.75,-9999,-9999,-9999,-9999,-9999,-9999,20.46,-9999,-9999
QPB,12222,6/15/1993,1010,-9999,21.8,6.98,81,10.83,71.84,0.73,8.54,0.68,4.44,5.19,-9999,-9999,-9999,-9999,-9999,-9999,19.33,-9999,-9999
QPB,12235,6/22/1993,1053,-9999,21.1,7.01,50.3,6.91,33.43,0.57,4.42,0.48,1.67,2.11,-9999,-9999,-9999,-9999,-9999,-9999,9.26,-9999,-9999
QPB,12248,6/29/1993,-9999,-9999,22,7.1,75,8.97,63.94,0.49,6.12,0.31,3.19,4.06,-9999,2,-9999,-9999,-9999,-9999,19.76,-9999,-9999
QPB,12261,7/6/1993,951,-9999,21,7.02,68.6,11.12,54.67,0.68,8.04,0.51,3.89,4.75,-9999,2,-9999,-9999,-9999,-9999,17.88,-9999,-9999
QPB,12274,7/13/1993,910,-9999,21,6.96,66.4,8.02,-9999,0.51,5.51,0.27,2.62,3.06,-9999,-9999,-9999,-9999,-9999,-9999,18.43,-9999,-9999
QPB,12287,7/20/1993,1003,-9999,21,7.21,75.2,-9999,-9999,-9999,7.34,0.51,3.5,4.13,-9999,-9999,-9999,-9999,-9999,-9999,21.01,-9999,-9999
QPB,12300,7/27/1993,1023,-9999,21,6.88,63.1,-9999,-9999,-9999,-9999,-9999,-9999,-9999,-9999,-9999,-9999,-9999,-9999,-9999,-9999,-9999,-9999
QPB,12313,8/3/1993,946,-9999,22,7.33,78.5,8.39,85.85,0.44,6.28,0.34,3.21,3.87,-9999,6.07,-9999,-9999,-9999,-9999,20.57,-9999,-9999
QPB,12326,8/10/1993,930,-9999,22,7.31,81.8,8.59,55.12,0.45,6.38,0.27,3.45,4.12,-9999,2,-9999,-9999,-9999,-9999,20.71,-9999,-9999
QPB,12339,8/17/1993,920,-9999,22,7.29,67.8,9.48,67.78,0.74,8.1,0.35,3.61,4.04,-9999,6.07,-9999,-9999,-9999,-9999,18.24,-9999,-9999
QPB,12352,8/24/1993,956,-9999,22,7.19,74.8,8.16,-9999,0.51,6.03,0.35,3.13,3.94,-9999,2,-9999,-9999,-9999,-9999,16.6,-9999,-9999
QPB,12365,8/31/1993,905,-9999,21,7.29,74.1,7.24,72.07,0.59,5.76,0.28,3.02,3.66,-9999,2,-9999,-9999,-9999,-9999,15.11,-9999,-9999
QPB,12378,9/7/1993,935,-9999,21,7.21,58.7,6.14,59.19,0.48,4.65,0.31,2.23,2.67,-9999,2,-9999,-9999,-9999,-9999,-9999,-9999,-9999
QPB,12391,9/14/1993,935,-9999,21.5,6.99,69.4,7.52,78.62,0.51,5.8,0.39,3.01,3.61,-9999,-9999,-9999,-9999,-9999,-9999,18.63,-9999,-9999
QPB,12404,9/21/1993,1000,-9999,21,7.13,68,8.3,43.15,0.51,5.64,0.37,2.74,3.34,-9999,2,-9999,-9999,-9999,-9999,17.96,-9999,-9999
QPB,12417,9/28/1993,926,-9999,21,6.93,64.9,7.04,15.36,0.72,5.93,0.26,2.43,3.46,-9999,14.93,-9999,-9999,-9999,-9999,-9999,-9999,-9999
QPB,12430,10/5/1993,810,-9999,21,7.02,77.4,7.97,72.3,0.46,6.1,0.23,3.2,4.12,-9999,8.6,-9999,-9999,-9999,-9999,-9999,-9999,-9999
QPB,12443,10/13/1993,830,-9999,22,7.2,77.9,7.84,48.57,0.52,6.17,0.38,3.18,3.7,-9999,2,-9999,-9999,-9999,-9999,19.14,-9999,-9999
QPB,12456,10/19/1993,846,-9999,21,7.1,76.8,7.56,78.17,0.51,5.93,0.35,3.23,4.02,-9999,2,-9999,-9999,-9999,-9999,-9999,-9999,-9999
QPB,12469,10/26/1993,915,-9999,22,6.55,74.3,8.15,65.74,0.56,5.82,0.16,2.73,4.04,-9999,2,-9999,-9999,-9999,-9999,19.16,-9999,-9999
QPB,12482,11/2/1993,800,-9999,21,6.87,79.7,4.85,73.65,0.39,6.53,0.56,3.18,3.3,-9999,2,-9999,-9999,-9999,-9999,20.3,-9999,-9999
QPB,12629,11/9/1993,836,-9999,21,6.86,67.5,11.13,-9999,0.93,9.68,0.55,4.24,4.07,-9999,5.46,-9999,-9999,-9999,-9999,17.36,-9999,-9999
QPB,13070,11/16/1993,905,-9999,21,6.81,50.2,11.36,38.63,0.93,7.39,0.44,2.61,3.29,-9999,10.92,-9999,-9999,-9999,-9999,7.62,-9999,-9999
QPB,13297,11/23/1993,910,-9999,21,7.01,66.5,7.93,76.59,0.48,5.49,0.33,2.62,3.09,-9999,2,-9999,-9999,-9999,-9999,-9999,-9999,-9999
QPB,13353,11/30/1993,830,-9999,21,6.91,68.3,8.61,67.32,0.59,6.48,0.49,3.09,3.14,-9999,2,-9999,-9999,-9999,-9999,18.37,-9999,-9999
QPB,13491,12/7/1993,740,-9999,20,6.51,86.8,8.22,62.58,0.46,6.01,0.26,3.31,3.89,-9999,2,-9999,-9999,-9999,-9999,19.68,-9999,-9999
QPB,13654,12/14/1993,905,-9999,-9999,6.87,78.2,8.72,113.64,0.51,6.72,0.36,3.29,4.03,-9999,2,-9999,-9999,-9999,-9999,21.13,-9999,-9999
QPB,13667,12/21/1993,849,-9999,20,6.89,60.1,6.82,11.97,0.64,5.49,0.45,2.52,2.84,-9999,12.98,-9999,-9999,-9999,-9999,12.06,-9999,-9999
QPB,13712,12/28/1993,820,-9999,20,6.76,59.1,8.64,-9999,0.65,6.13,0.46,2.69,3.42,-9999,7.28,-9999,-9999,-9999,-9999,12.94,-9999,-9999
QPB,13738,1/4/1994,1145,-9999,20,7.02,66.8,-9999,-9999,-9999,5.12,0.26,1.3,2.79,-9999,4.24,-9999,-9999,-9999,-9999,16.41,-9999,-9999
QPB,13725,1/11/1994,856,-9999,20,7.01,62,-9999,-9999,-9999,5.03,0.31,1.26,2.77,-9999,6.07,-9999,-9999,-9999,-9999,15.71,-9999,-9999
QPB,13751,1/18/1994,1001,-9999,19,7.1,69.6,-9999,-9999,-9999,5.77,0.36,2.69,2.77,-9999,5.46,-9999,-9999,-9999,-9999,18.2,-9999,-9999
QPB,13764,1/25/1994,900,-9999,20,7.2,88.3,-9999,138.95,0.13,6.58,0.33,3.76,4.75,-9999,8.45,-9999,-9999,-9999,-9999,24.75,-9999,-9999
QPB,13777,2/1/1994,928,-9999,19.5,7.08,75.4,3.4,2.5,0.26,5.79,0.48,2.82,3.03,-9999,2,-9999,-9999,-9999,-9999,14.65,-9999,-9999
QPB,13790,2/8/1994,930,-9999,19,7.06,74.1,4.47,47.67,0.38,6.17,0.37,3.15,3.32,-9999,18.68,-9999,-9999,-9999,-9999,20.49,-9999,-9999
QPB,13909,2/15/1994,930,-9999,19,7.15,78.6,4.97,74.55,0.38,-9999,-9999,-9999,-9999,-9999,-9999,-9999,-9999,-9999,-9999,-9999,-9999,-9999
QPB,13922,2/22/1994,854,-9999,19,7.03,83.4,5.43,2.5,0.54,3.05,0.88,0.46,0.54,-9999,2,-9999,-9999,-9999,-9999,16.13,-9999,-9999
QPB,13935,3/1/1994,815,-9999,19,7.05,77.5,8.29,28.69,0.46,5.95,0.42,2.99,3.64,-9999,2,-9999,-9999,-9999,-9999,17.14,-9999,-9999
QPB,13948,3/8/1994,815,-9999,19,7.16,76.9,-9999,72.52,-9999,6.09,0.31,2.44,3.23,-9999,2,-9999,-9999,-9999,-9999,-9999,-9999,-9999
QPB,13961,3/15/1994,846,-9999,19.5,7.15,76.6,8.34,88.11,0.51,6.01,0.43,3.31,4.07,-9999,2,-9999,-9999,-9999,-9999,16.02,-9999,-9999
QPB,13974,3/22/1994,803,-9999,20,6.99,81.4,8.31,86.3,0.53,6.77,0.36,3.41,4.39,-9999,2,-9999,-9999,-9999,-9999,20.93,-9999,-9999
QPB,13987,3/29/1994,835,-9999,20,6.81,94.5,8.88,78.17,0.6,6.94,0.5,3.98,4.28,-9999,2,-9999,-9999,-9999,-9999,21.06,-9999,-9999
QPB,14000,4/5/1994,840,-9999,20,7.34,84.9,8.48,81.78,0.5,6.79,0.4,3.68,4.26,-9999,2,-9999,-9999,-9999,-9999,18.9,-9999,-9999
QPB,14013,4/12/1994,910,-9999,20,6.63,64.3,9.23,57.61,0.74,4.98,0.33,2.05,2.66,-9999,6.21,-9999,-9999,-9999,-9999,10.12,-9999,-9999
QPB,14026,4/19/1994,810,-9999,20,7.12,65.6,7.85,56.48,0.51,5.57,0.45,2.67,3.29,-9999,5.56,-9999,-9999,-9999,-9999,14.83,-9999,-9999
QPB,14039,4/26/1994,920,-9999,20,7.4,76.2,8.31,2.5,0.5,6.15,0.28,3.36,3.55,-9999,4.37,-9999,-9999,-9999,-9999,17.74,-9999,-9999
QPB,14052,5/3/1994,740,-9999,21,7.39,87,8.86,19.88,0.47,7.1,0.42,3.78,3.86,-9999,2,-9999,-9999,-9999,-9999,18.96,-9999,-9999
QPB,14065,5/10/1994,839,-9999,20,7.1,65.4,9.13,17.84,1.57,5.28,0.31,2.42,3.06,-9999,2,-9999,-9999,-9999,-9999,12.88,-9999,-9999
QPB,14110,5/17/1994,829,-9999,21,7.22,64.1,8.39,22.81,0.62,5.4,0.33,2.63,3.07,-9999,4.74,-9999,-9999,-9999,-9999,15.77,-9999,-9999
QPB,14123,5/24/1994,845,-9999,21.5,7.25,81,8.4,63.26,0.48,6.58,0.35,3.5,3.93,-9999,-9999,-9999,-9999,-9999,-9999,18.42,-9999,-9999
QPB,14280,5/31/1994,835,-9999,21,7.29,90.3,9.07,21.23,0.83,7.99,0.32,4.36,4.98,-9999,-9999,-9999,-9999,-9999,-9999,21.18,-9999,-9999
QPB,14690,6/7/1994,820,-9999,21,6.96,68.5,5.55,10.39,1,6.01,0.33,2.97,3.44,-9999,-9999,-9999,-9999,-9999,-9999,16.61,-9999,-9999
QPB,14878,6/14/1994,840,-9999,21,7.25,80.5,8.11,58.96,0.79,9.1,0.51,4.61,5.31,-9999,-9999,-9999,-9999,-9999,-9999,20.37,-9999,-9999
QPB,15042,6/21/1994,830,-9999,21,7.18,77.8,7.95,55.58,0.83,6.29,0.22,3.29,3.85,-9999,-9999,-9999,-9999,-9999,-9999,19.32,-9999,-9999
QPB,15055,6/28/1994,840,-9999,21,6.94,76.7,5.99,42.02,0.49,6,0.26,2.97,3.54,-9999,-9999,-9999,-9999,-9999,-9999,-9999,-9999,-9999
QPB,15098,7/5/1994,821,-9999,21,6.93,79.1,8.69,34.79,0.49,6.06,0.48,3.17,3.73,-9999,-9999,-9999,-9999,-9999,-9999,19.55,-9999,-9999
QPB,15199,7/12/1994,749,-9999,21.5,7.25,81.9,6.18,39.76,1.01,6.71,0.24,3.64,4.23,-9999,-9999,-9999,-9999,-9999,-9999,20.61,-9999,-9999
QPB,15212,7/19/1994,815,-9999,21,7.22,66.8,4.88,32.98,0.38,6.01,0.36,2.76,3.44,-9999,-9999,-9999,-9999,-9999,-9999,16.61,-9999,-9999
QPB,15225,7/26/1994,800,-9999,22,7.34,78.6,5.05,-9999,0.95,6.58,0.35,3.45,3.53,-9999,-9999,-9999,-9999,-9999,-9999,20.66,-9999,-9999
QPB,15238,8/2/1994,810,-9999,22,7.18,81,3.81,-9999,0.25,7.88,0.74,4.16,4.74,-9999,-9999,-9999,-9999,-9999,-9999,19.77,-9999,-9999
QPB,15251,8/9/1994,810,-9999,22,7.31,88.2,8.35,-9999,0.5,6.4,0.42,3.46,4.05,-9999,-9999,-9999,-9999,-9999,-9999,22.3,-9999,-9999
QPB,15289,8/16/1994,900,-9999,21,7.37,85.5,6.98,-9999,0.51,5.98,0.25,3.28,4.01,-9999,-9999,-9999,-9999,-9999,-9999,20.5,-9999,-9999
QPB,15302,8/23/1994,851,-9999,21.5,6.01,95.5,5.35,-9999,0.38,6.48,0.37,3.34,4.04,-9999,-9999,-9999,-9999,-9999,-9999,20.49,-9999,-9999
QPB,15315,8/30/1994,845,-9999,22,7.35,80.2,6.15,-9999,0.44,6.16,0.27,3.18,3.78,-9999,-9999,-9999,-9999,-9999,-9999,18.03,-9999,-9999
QPB,15328,9/6/1994,901,-9999,21,7.27,75.2,8.19,-9999,0.55,6.38,0.41,3.23,3.98,-9999,-9999,-9999,-9999,-9999,-9999,13.86,-9999,-9999
QPB,15341,9/13/1994,840,-9999,22,6.96,80.5,8.71,-9999,0.52,6.18,0.39,3.26,3.83,-9999,-9999,-9999,-9999,-9999,-9999,17.27,-9999,-9999
QPB,15354,9/20/1994,825,-9999,22,6.94,51,7.31,-9999,0.71,5.23,0.64,1.81,1.28,-9999,-9999,-9999,-9999,-9999,-9999,8.46,-9999,-9999
QPB,15367,9/27/1994,940,-9999,21.5,7.11,73.7,8.37,-9999,0.52,6.3,0.3,3.21,3.41,-9999,-9999,-9999,-9999,-9999,-9999,16.94,-9999,-9999
QPB,15380,10/4/1994,1015,-9999,22,7.09,80,8.31,-9999,0.48,6.48,0.37,3.34,3.97,-9999,41.26,-9999,-9999,-9999,-9999,18.54,-9999,-9999
QPB,15393,10/11/1994,1103,-9999,21.5,7.19,93,7.66,-9999,0.41,6.87,0.44,3.87,5.06,-9999,-9999,-9999,-9999,-9999,-9999,21.03,-9999,-9999
QPB,15406,10/18/1994,1057,-9999,21.5,7.38,94.5,8.66,-9999,0.59,6.93,0.54,4.07,5.33,-9999,-9999,-9999,-9999,-9999,-9999,21.1,-9999,-9999
QPB,15419,10/25/1994,-9999,-9999,-9999,-9999,-9999,-9999,-9999,-9999,-9999,-9999,-9999,-9999,-9999,-9999,-9999,-9999,-9999,-9999,-9999,-9999,-9999
QPB,15432,11/1/1994,1020,-9999,21.5,7.24,84.2,7.32,107.24,0.8,4.99,0.33,1.13,1.61,-9999,-9999,-9999,-9999,-9999,-9999,20.08,-9999,-9999
QPB,15445,11/8/1994,930,-9999,21,7.08,53.9,6.24,-9999,0.47,4.82,0.39,1.95,2.44,-9999,-9999,-9999,-9999,-9999,-9999,10.7,-9999,-9999
QPB,15458,11/15/1994,1025,-9999,21,7.11,74.2,7.64,-9999,0.43,6,0.41,2.91,3.31,-9999,-9999,-9999,-9999,-9999,-9999,17.92,-9999,-9999
QPB,15471,11/22/1994,-9999,-9999,-9999,-9999,-9999,6.92,-9999,0.65,5.27,0.35,2.48,2.99,-9999,-9999,-9999,-9999,-9999,-9999,14.38,-9999,-9999
QPB,15484,11/29/1994,1020,-9999,21,7.2,63.9,3.03,-9999,1.03,-9999,-9999,-9999,-9999,-9999,-9999,-9999,-9999,-9999,-9999,-9999,-9999,-9999
QPB,15497,12/6/1994,1040,-9999,21,6.99,58.6,8.41,-9999,0.56,5.34,0.29,2.27,2.33,-9999,-9999,-9999,-9999,-9999,-9999,13.31,-9999,-9999
QPB,15715,12/13/1994,1035,-9999,21,6.7,69.6,1.68,-9999,0.23,6.55,0.49,3.15,3.48,-9999,-9999,-9999,-9999,-9999,-9999,18.54,-9999,-9999
QPB,15728,12/20/1994,1134,-9999,21,6.94,77.8,8.59,-9999,0.45,6.47,0.29,3.28,3.57,-9999,-9999,-9999,-9999,-9999,-9999,18.35,-9999,-9999
QPB,15741,12/27/1994,1047,-9999,20,6.89,79.3,8.56,-9999,0.35,1.7,0.1,0.2,0.17,-9999,-9999,-9999,-9999,-9999,-9999,19.18,-9999,-9999
QPB,15754,1/3/1995,1050,-9999,20,7.11,71.1,8.8,-9999,0.49,6.34,0.28,3.52,3.51,-9999,-9999,-9999,-9999,-9999,-9999,18.43,-9999,-9999
QPB,15767,1/10/1995,830,-9999,19,6.87,81.3,8.31,-9999,0.54,6.68,0.51,3.67,4.05,-9999,-9999,-9999,-9999,-9999,-9999,19.56,-9999,-9999
QPB,15780,1/17/1995,1014,-9999,18.8,7.22,79.6,8,-9999,0.46,6.49,0.45,3.42,3.68,-9999,2,-9999,-9999,-9999,-9999,18.27,-9999,-9999
QPB,15793,1/24/1995,1000,-9999,19.5,7.16,88.9,9.59,-9999,0.53,6.71,0.34,3.95,5.14,-9999,-9999,-9999,-9999,-9999,-9999,20.84,-9999,-9999
QPB,15806,1/31/1995,1130,-9999,20,7.22,82.3,8.39,-9999,0.49,8.66,0.69,4.34,5.18,-9999,-9999,-9999,-9999,-9999,-9999,19.37,-9999,-9999
QPB,15819,2/7/1995,1030,-9999,19,7.01,70.1,8.64,-9999,0.5,6.48,0.32,3.4,4.26,-9999,-9999,-9999,-9999,-9999,-9999,19.01,-9999,-9999
QPB,15832,2/14/1995,945,-9999,19.5,7.12,80.3,8.87,-9999,0.56,6.4,0.28,3.5,3.93,-9999,-9999,-9999,-9999,-9999,-9999,19.41,-9999,-9999
QPB,15845,2/21/1995,925,-9999,19,7.3,69.4,8.84,-9999,0.56,5.69,0.29,2.77,3.19,-9999,-9999,-9999,-9999,-9999,-9999,15.84,-9999,-9999
QPB,15858,2/28/1995,1045,-9999,19,6.72,43,7.71,-9999,0.6,4.21,0.26,1.42,1.67,-9999,-9999,-9999,-9999,-9999,-9999,6.65,-9999,-9999
QPB,15871,3/7/1995,947,-9999,20,7.38,78.1,8.83,-9999,0.52,6.22,0.44,3.14,3.83,-9999,-9999,-9999,-9999,-9999,-9999,18.8,-9999,-9999
QPB,15884,3/14/1995,1125,-9999,19,7.36,70.1,7.01,-9999,0.46,4.46,0.27,2.36,3.23,-9999,-9999,-9999,-9999,-9999,-9999,15.7,-9999,-9999
QPB,15897,3/21/1995,1046,-9999,19,7.32,79.1,9.45,-9999,0.43,6.48,0.31,3.34,3.84,-9999,-9999,-9999,-9999,-9999,-9999,18.26,-9999,-9999
QPB,15910,3/28/1995,1050,-9999,19,7.5,86.5,8.66,-9999,0.53,6.7,0.35,3.71,4.54,-9999,-9999,-9999,-9999,-9999,-9999,21.38,-9999,-9999
QPB,15923,4/4/1995,1045,-9999,20,7.43,79.9,9.71,-9999,0.53,6.79,0.32,3.75,4.32,-9999,-9999,-9999,-9999,-9999,-9999,20.17,-9999,-9999
QPB,15936,4/11/1995,1030,-9999,21,7.71,86.6,8.99,-9999,0.51,7.43,0.37,4.35,5.53,-9999,4.67,-9999,-9999,-9999,-9999,24.15,-9999,-9999
QPB,15949,4/18/1995,1020,-9999,20,7.31,76.1,8.55,-9999,0.55,6.74,0.51,3.82,4.49,-9999,-9999,-9999,-9999,-9999,-9999,20,-9999,-9999
QPB,15976,4/25/1995,1056,-9999,21,7.47,91.6,8.64,-9999,0.56,-9999,-9999,-9999,-9999,-9999,-9999,-9999,-9999,-9999,-9999,-9999,-9999,-9999
QPB,15989,5/2/1995,1040,-9999,20.5,7.26,71.6,8.57,-9999,0.53,-9999,-9999,-9999,-9999,-9999,-9999,-9999,-9999,-9999,-9999,-9999,-9999,-9999
QPB,16002,5/9/1995,1026,-9999,20.5,7.25,83.1,8.11,-9999,0.64,6.76,0.52,3.58,4.15,-9999,-9999,-9999,-9999,-9999,-9999,20.99,-9999,-9999
QPB,16015,5/16/1995,1020,-9999,20,7.19,86.4,6.14,-9999,0.41,6.6,0.32,3.76,4.44,-9999,-9999,-9999,-9999,-9999,-9999,22.67,-9999,-9999
QPB,16028,5/23/1995,1058,-9999,24,7.26,76.1,8.62,-9999,0.56,6.78,0.52,3.8,4.48,-9999,-9999,-9999,-9999,-9999,-9999,22.12,-9999,-9999
QPB,16041,5/30/1995,1035,-9999,21,7.03,58,3.84,-9999,0.32,-9999,-9999,-9999,-9999,-9999,12.98,-9999,-9999,-9999,-9999,-9999,-9999,-9999
QPB,16253,6/6/1995,940,-9999,22,7.03,69.9,7.79,-9999,0.51,-9999,-9999,-9999,-9999,-9999,6.49,-9999,-9999,-9999,-9999,-9999,-9999,-9999
QPB,16266,6/13/1995,1000,-9999,23,7.02,67.5,7.11,-9999,0.61,-9999,-9999,-9999,-9999,-9999,8.65,-9999,-9999,-9999,-9999,-9999,-9999,-9999
QPB,16279,6/20/1995,1059,-9999,25,6.83,76,8.05,-9999,0.59,-9999,-9999,-9999,-9999,-9999,2,-9999,-9999,-9999,-9999,-9999,-9999,-9999
QPB,16292,6/27/1995,1020,-9999,25,7.06,79.2,8.7,-9999,0.5,6.13,0.28,3.42,3.74,-9999,2,-9999,-9999,-9999,-9999,18.09,-9999,-9999
QPB,16348,7/5/1995,1030,-9999,22,6.97,59.6,7.38,-9999,0.71,4.91,0.34,2.33,2.64,-9999,2,-9999,-9999,-9999,-9999,12.66,-9999,-9999
QPB,16361,7/11/1995,1100,-9999,22,7.13,76.1,8.09,-9999,0.49,6.32,0.33,3.49,4.01,-9999,-9999,-9999,-9999,-9999,-9999,19.07,-9999,-9999
QPB,16374,7/18/1995,945,-9999,22,7.14,76.6,7.55,-9999,0.53,5.9,0.35,3.42,4.13,-9999,2,-9999,-9999,-9999,-9999,17.88,-9999,-9999
QPB,16387,7/26/1995,920,-9999,22.5,7.29,73.3,7.92,-9999,0.53,-9999,-9999,-9999,-9999,-9999,-9999,-9999,-9999,-9999,-9999,-9999,-9999,-9999
QPB,16400,8/1/1995,1135,-9999,22,7.07,64.6,7.74,-9999,0.5,-9999,-9999,-9999,-9999,-9999,-9999,-9999,-9999,-9999,-9999,-9999,-9999,-9999
QPB,16413,8/8/1995,1035,-9999,22,7.05,64.7,6.94,-9999,0.54,-9999,-9999,-9999,-9999,-9999,17.31,-9999,-9999,-9999,-9999,-9999,-9999,-9999
QPB,16426,8/15/1995,-9999,-9999,-9999,-9999,-9999,-9999,-9999,-9999,-9999,-9999,-9999,-9999,-9999,-9999,-9999,-9999,-9999,-9999,-9999,-9999,-9999
QPB,16439,8/22/1995,1000,-9999,22,7.02,65.8,7.15,-9999,0.54,-9999,-9999,-9999,-9999,-9999,-9999,-9999,-9999,-9999,-9999,-9999,-9999,-9999
QPB,16452,8/29/1995,1130,-9999,22,7.23,71.8,3.44,-9999,0.34,-9999,-9999,-9999,-9999,-9999,7.4,-9999,-9999,-9999,-9999,-9999,-9999,-9999
QPB,16465,9/12/1995,1030,-9999,22,7.15,69.9,6.41,-9999,0.5,-9999,-9999,-9999,-9999,-9999,5.04,-9999,-9999,-9999,-9999,-9999,-9999,-9999
QPB,16478,9/19/1995,1045,-9999,22,7.29,76.8,8.94,-9999,0.49,-9999,-9999,-9999,-9999,-9999,2,-9999,-9999,-9999,-9999,-9999,-9999,-9999
QPB,16491,9/26/1995,1215,-9999,21.5,7.12,80.8,-9999,-9999,0.3,-9999,-9999,-9999,-9999,-9999,-9999,-9999,-9999,-9999,-9999,-9999,-9999,-9999
QPB,16504,10/3/1995,1020,-9999,22,7.29,76,-9999,-9999,0.05,-9999,-9999,-9999,-9999,-9999,-9999,-9999,-9999,-9999,-9999,-9999,-9999,-9999
QPB,16517,10/10/1995,1050,-9999,22,6.97,63.5,-9999,-9999,0.41,-9999,-9999,-9999,-9999,-9999,-9999,-9999,-9999,-9999,-9999,-9999,-9999,-9999
QPB,16530,10/17/1995,1110,-9999,23,7.03,65.3,-9999,-9999,-9999,-9999,-9999,-9999,-9999,-9999,-9999,-9999,-9999,-9999,-9999,-9999,-9999,-9999
QPB,16543,10/24/1995,1135,-9999,22,6.88,54.8,-9999,-9999,-9999,-9999,-9999,-9999,-9999,-9999,2,-9999,-9999,-9999,-9999,-9999,-9999,-9999
QPB,16556,10/31/1995,1100,-9999,22,7.15,73.3,-9999,-9999,-9999,-9999,-9999,-9999,-9999,-9999,-9999,-9999,-9999,-9999,-9999,-9999,-9999,-9999
QPB,16569,11/7/1995,1130,-9999,22,7.13,64.4,-9999,-9999,-9999,-9999,-9999,-9999,-9999,-9999,-9999,-9999,-9999,-9999,-9999,-9999,-9999,-9999
QPB,16582,11/14/1995,1110,-9999,22.5,7.34,75.3,-9999,-9999,-9999,-9999,-9999,-9999,-9999,-9999,2,-9999,-9999,-9999,-9999,-9999,-9999,-9999
QPB,16595,11/21/1995,1105,-9999,22,7.37,75.6,-9999,-9999,-9999,-9999,-9999,-9999,-9999,-9999,-9999,-9999,-9999,-9999,-9999,-9999,-9999,-9999
QPB,16608,11/28/1995,1130,-9999,22.5,7.21,71.5,4.29,-9999,0.36,-9999,-9999,-9999,-9999,-9999,2,-9999,-9999,-9999,-9999,-9999,-9999,-9999
QPB,16621,12/5/1995,1130,-9999,22,7.26,85.5,8.27,-9999,0.52,-9999,-9999,-9999,-9999,-9999,2,-9999,-9999,-9999,-9999,-9999,-9999,-9999
QPB,16634,12/12/1995,1220,-9999,22,7.25,72.9,8.24,-9999,0.56,5.95,0.28,3.06,3.97,-9999,2,-9999,-9999,-9999,-9999,17.27,-9999,-9999
QPB,16647,12/19/1995,1240,-9999,22,7.08,59.4,7.35,-9999,0.51,5.26,0.46,2.08,2.7,-9999,2,-9999,-9999,-9999,-9999,12.3,-9999,-9999
QPB,16660,12/26/1995,1235,-9999,22,7.46,76.1,9.13,-9999,0.49,6.9,0.3,4,4.96,-9999,-9999,-9999,-9999,-9999,-9999,20.67,-9999,-9999
QPB,16673,1/2/1996,1220,-9999,22,7.39,76.5,8.3,-9999,0.48,6.37,0.43,3.5,4.18,-9999,-9999,-9999,-9999,-9999,-9999,21.34,-9999,-9999
QPB,16686,1/9/1996,1040,-9999,22,7.46,73.8,5.5,-9999,0.5,6.73,0.4,3.44,4.23,-9999,-9999,-9999,-9999,-9999,-9999,18.56,-9999,-9999
QPB,16699,1/16/1996,1135,-9999,22,6.96,51,9,-9999,0.22,6.57,0.47,2.65,3.13,-9999,-9999,-9999,-9999,-9999,-9999,10.79,-9999,-9999
QPB,16712,1/23/1996,1045,-9999,21,7.13,60.7,11.67,-9999,0.71,8.75,0.58,3.95,4.57,-9999,-9999,-9999,-9999,-9999,-9999,16.81,-9999,-9999
QPB,16725,1/30/1996,1120,-9999,21,7.08,63.5,8.46,-9999,0.47,5.59,0.44,2.45,2.88,-9999,2,-9999,-9999,-9999,-9999,15.29,-9999,-9999
QPB,16766,2/6/1996,1145,-9999,21,7.07,59.5,8.92,-9999,0.56,5.67,0.53,2.29,2.71,-9999,2,-9999,-9999,-9999,-9999,10.48,-9999,-9999
QPB,16772,2/13/1996,1130,-9999,21,7.27,75.6,10.19,-9999,0.52,6.06,0.36,3.05,3.59,-9999,-9999,-9999,-9999,-9999,-9999,20.19,-9999,-9999
QPB,16789,2/20/1996,1130,-9999,21,7.31,80.3,8.56,-9999,0.47,6.84,0.37,3.36,4.02,-9999,2,-9999,-9999,-9999,-9999,19.77,-9999,-9999
QPB,16802,2/27/1996,1040,-9999,21,7.5,81.9,8.28,-9999,0.49,6.54,0.35,3.56,4.33,-9999,-9999,-9999,-9999,-9999,-9999,20.32,-9999,-9999
QPB,16815,3/5/1996,1155,-9999,21,7.4,71.5,8.3,-9999,0.66,6.06,0.54,2.95,3.46,-9999,-9999,-9999,-9999,-9999,-9999,15.62,-9999,-9999
QPB,16828,3/12/1996,951,-9999,21,7.5,71.9,12.72,-9999,0.78,8.93,0.76,4.57,5.77,-9999,4.67,-9999,-9999,-9999,-9999,16.23,-9999,-9999
QPB,16841,3/19/1996,1110,-9999,21,7.4,79.8,8.28,-9999,0.51,6.55,0.29,3.59,4.48,-9999,2,-9999,-9999,-9999,-9999,21.45,-9999,-9999
QPB,16854,3/26/1996,1040,-9999,21,7.48,87.4,8.31,-9999,0.53,6.76,0.41,3.58,3.81,-9999,2,-9999,-9999,-9999,-9999,21.96,-9999,-9999
QPB,16867,4/2/1996,1115,-9999,22,7.34,84.2,8.38,-9999,0.57,6.6,0.56,3.61,4.18,-9999,2,-9999,-9999,-9999,-9999,19.34,-9999,-9999
QPB,16880,4/9/1996,1145,-9999,22,7.42,82.4,8.16,-9999,0.52,6.49,0.4,3.34,4.18,-9999,2,-9999,-9999,-9999,-9999,22.11,-9999,-9999
QPB,16893,4/16/1996,1120,-9999,21,7.12,61.9,9.02,-9999,0.62,5.79,0.35,2.23,2.69,-9999,2,-9999,-9999,-9999,-9999,12.23,-9999,-9999
QPB,16906,4/23/1996,1120,-9999,22,7.25,79.8,9.88,-9999,0.67,8.72,0.66,3.84,4.03,-9999,2,-9999,-9999,-9999,-9999,18.93,-9999,-9999
QPB,16919,4/30/1996,1020,-9999,22,7.31,66.1,9.44,-9999,0.71,5.35,0.39,2.01,2.13,-9999,5.6,-9999,-9999,-9999,-9999,11.89,-9999,-9999
QPB,16932,5/7/1996,1050,-9999,22,7.07,53.8,12.82,-9999,1.05,6.91,0.56,2.33,2.97,-9999,2,-9999,-9999,-9999,-9999,-9999,-9999,-9999
QPB,16945,5/14/1996,1120,-9999,21,7.17,62.2,8.02,-9999,0.49,5.5,0.36,2.37,2.83,-9999,2,-9999,-9999,-9999,-9999,14.08,-9999,-9999
QPB,16958,5/21/1996,1145,-9999,23,7.42,79.8,8.41,-9999,0.46,6.65,0.41,3.34,3.9,-9999,4.67,-9999,-9999,-9999,-9999,21.39,-9999,-9999
QPB,16971,5/28/1996,1025,-9999,23,7.47,80.4,8.63,-9999,0.46,6.7,0.28,3.56,4.45,-9999,2,-9999,-9999,-9999,-9999,18.22,-9999,-9999
QPB,16984,6/4/1996,1021,-9999,22.5,7.27,61,7.87,-9999,0.77,5.22,0.35,2.21,3.03,-9999,6.23,-9999,-9999,-9999,-9999,-9999,-9999,-9999
QPB,16997,6/11/1996,1008,-9999,22,7.19,63.1,8.01,-9999,0.65,5.55,0.28,2.64,3.44,-9999,2,-9999,-9999,-9999,-9999,12.01,-9999,-9999
QPB,17010,6/18/1996,958,-9999,22.5,7.35,65.7,8.14,-9999,0.52,5.6,0.43,2.57,3.1,-9999,2,-9999,-9999,-9999,-9999,-9999,-9999,-9999
QPB,17023,6/25/1996,1100,-9999,23,7.39,71.9,9.14,-9999,0.53,6.54,0.37,3.08,3.69,-9999,2,-9999,-9999,-9999,-9999,18.16,-9999,-9999
QPB,17036,7/2/1996,1030,-9999,23,7.36,79.5,11.62,-9999,0.65,8.13,0.36,4.11,4.73,-9999,2,-9999,-9999,-9999,-9999,-9999,-9999,-9999
QPB,17049,7/9/1996,1145,-9999,22,7.15,70.3,10.81,-9999,0.62,6.47,0.53,2.41,3.18,-9999,2,-9999,-9999,-9999,-9999,-9999,-9999,-9999
QPB,17062,7/16/1996,-9999,-9999,-9999,-9999,-9999,-9999,-9999,-9999,-9999,-9999,-9999,-9999,-9999,2,-9999,-9999,-9999,-9999,-9999,-9999,-9999
QPB,17075,7/23/1996,1140,-9999,23,7.39,79.6,8.67,-9999,0.45,6.26,0.32,3.24,4.31,-9999,2,-9999,-9999,-9999,-9999,21.63,-9999,-9999
QPB,17088,7/30/1996,1100,-9999,23,7.37,79.1,8.75,137.32,-9999,6.59,0.46,3.53,4.79,-9999,4.71,-9999,-9999,-9999,-9999,20.41,-9999,-9999
QPB,18001,8/6/1996,1205,-9999,23,7.23,71.2,12.81,-9999,0.81,8.58,0.48,4.06,4.85,-9999,2,-9999,-9999,-9999,-9999,14.1,-9999,-9999
QPB,18014,8/13/1996,1140,-9999,23,7.41,79.1,8.8,-9999,0.44,6.57,0.35,3.28,4.05,-9999,2,-9999,-9999,-9999,-9999,18.34,-9999,-9999
QPB,18027,8/20/1996,1100,-9999,23,7.29,73.6,8.32,-9999,0.42,6.02,0.26,2.94,3.29,-9999,2,-9999,-9999,-9999,-9999,16.95,-9999,-9999
QPB,18040,8/27/1996,1135,-9999,23,7.4,51.2,8.37,-9999,0.44,6.3,0.37,3.37,4.45,-9999,2,-9999,-9999,-9999,-9999,18.22,-9999,-9999
QPB,18053,9/3/1996,1120,-9999,24,7.33,81,8.66,-9999,0.45,6.68,0.24,3.67,4.48,-9999,2,-9999,-9999,-9999,-9999,18.63,-9999,-9999
QPB,18066,9/10/1996,1245,-9999,22,7.26,50.1,7.2,-9999,0.48,4.75,0.2,1.71,2.03,-9999,2,-9999,-9999,-9999,-9999,-9999,-9999,-9999
QPB,18079,9/17/1996,1150,-9999,23,7.3,70.1,8.33,-9999,0.47,5.75,0.48,2.82,3.6,-9999,2,-9999,-9999,-9999,-9999,-9999,-9999,-9999
QPB,18092,9/24/1996,1230,-9999,24,7.45,78.8,8.42,-9999,0.45,6.5,0.31,3.18,4.16,-9999,2,-9999,-9999,-9999,-9999,-9999,-9999,-9999
QPB,19005,10/1/1996,1140,-9999,23,7.36,76.1,9.06,-9999,0.53,6.18,0.36,3.26,4.07,-9999,2,-9999,-9999,-9999,-9999,20.57,-9999,-9999
QPB,19018,10/8/1996,920,-9999,23,7.27,79.2,8.6,-9999,0.47,6.56,0.22,3.76,4.64,-9999,2,-9999,-9999,-9999,-9999,20.84,-9999,-9999
QPB,19031,10/15/1996,1205,-9999,23,7.46,87.4,7.9,94.16,-9999,7.68,0.4,3.6,4.43,-9999,2,-9999,-9999,-9999,-9999,3.32,-9999,-9999
QPB,19044,10/22/1996,1120,-9999,23,7.31,89.7,8.27,108.55,-9999,7.21,0.4,3.72,4.78,-9999,2,-9999,-9999,-9999,-9999,14.56,-9999,-9999
QPB,19057,10/29/1996,1200,-9999,23,7.39,58.1,6.42,99.47,-9999,5.77,0.38,2.38,2.82,-9999,2,-9999,-9999,-9999,-9999,0.79,-9999,-9999
QPB,19070,11/5/1996,1045,-9999,23,7.17,61.1,7.09,84.76,-9999,6.91,0.39,2.63,3.59,-9999,2,-9999,-9999,-9999,-9999,9.67,-9999,-9999
QPB,19083,11/12/1996,1015,-9999,22,6.91,33.5,5.63,10.24,-9999,4.64,0.43,0.88,1,-9999,4.53,-9999,-9999,-9999,-9999,5.58,-9999,-9999
QPB,19096,11/19/1996,1130,-9999,22,7.3,66.3,7.37,72.12,-9999,6.05,0.42,2.69,3.48,-9999,2,-9999,-9999,-9999,-9999,11.37,-9999,-9999
QPB,19109,11/26/1996,1135,-9999,22,7.49,66.8,7.89,80.24,-9999,5.91,0.56,2.59,3.2,-9999,-9999,-9999,-9999,-9999,-9999,9.74,-9999,-9999
QPB,19122,12/3/1996,915,-9999,22,7.51,71.5,8.11,86.59,-9999,6.97,0.6,2.95,3.56,-9999,2,-9999,-9999,-9999,-9999,13.48,-9999,-9999
QPB,19135,12/10/1996,1145,-9999,21,7.41,80.4,8.27,90.84,-9999,6.32,0.34,3.33,4.55,-9999,2,-9999,-9999,-9999,-9999,7.1,-9999,-9999
QPB,19148,12/17/1996,1135,-9999,21,7.18,85,10.48,117.87,-9999,9.07,0.84,2.67,4.94,-9999,2,-9999,-9999,-9999,-9999,5.44,-9999,-9999
QPB,19161,12/24/1996,1100,-9999,21,7.42,82.6,8.41,84.68,-9999,6.74,0.41,3.31,4.07,-9999,4.32,-9999,-9999,-9999,-9999,21.31,-9999,-9999
QPB,19187,1/8/1997,1020,-9999,21,7.51,73.1,7.95,135.17,-9999,6.28,0.4,3.27,4.31,-9999,2,-9999,-9999,-9999,-9999,4.51,-9999,-9999
QPB,19200,1/14/1997,1200,-9999,21,7.27,76.1,8.7,91.04,-9999,7.2,0.52,3.29,3.94,-9999,2,-9999,-9999,-9999,-9999,20.84,-9999,-9999
QPB,19213,1/21/1997,1140,-9999,21,7.11,42.7,5.87,66.74,-9999,3.91,0.26,1.39,1.64,-9999,2,-9999,-9999,-9999,-9999,1.29,-9999,-9999
QPB,19226,1/28/1997,1115,-9999,20,7.23,64.1,8.66,67.56,-9999,5.85,0.37,2.24,2.67,-9999,2,-9999,-9999,-9999,-9999,4.41,-9999,-9999
QPB,19234,2/4/1997,1200,-9999,20,7.15,64,8.01,103.3,-9999,6.9,0.42,3.08,4,-9999,2,-9999,-9999,-9999,-9999,20.39,-9999,-9999
QPB,19246,2/11/1997,1140,-9999,20,6.69,71,10.42,20.62,-9999,6.56,0.2,1.67,1.5,-9999,2,-9999,-9999,-9999,-9999,6.45,-9999,-9999
QPB,19259,2/18/1997,1130,-9999,20,6.93,77.8,8.5,79.71,-9999,6.6,0.34,3.12,3.88,-9999,2,-9999,-9999,-9999,-9999,17.47,-9999,-9999
QPB,19274,2/25/1997,1245,-9999,22,7.15,70.3,7.02,61.2,-9999,5.56,0.23,2.31,2.77,-9999,2,-9999,-9999,-9999,-9999,2.87,-9999,-9999
QPB,19286,3/4/1997,1130,-9999,21,7.01,74.9,9.2,76.21,-9999,7.07,0.45,2.83,3.64,-9999,2,-9999,-9999,-9999,-9999,1.98,-9999,-9999
QPB,19298,3/11/1997,1145,-9999,20,7.4,76.9,8.18,100.18,-9999,6.62,0.41,3.06,4.18,-9999,2,-9999,-9999,-9999,-9999,0.37,-9999,-9999
QPB,19310,3/18/1997,1040,-9999,20,7.07,77.4,8.74,75.82,-9999,7.51,0.57,3.35,4.32,-9999,2,-9999,-9999,-9999,-9999,7.29,-9999,-9999
QPB,19322,3/25/1997,1010,-9999,20,7.16,77.9,9.33,115.87,-9999,7.33,0.31,3.75,5.43,-9999,2,-9999,-9999,-9999,-9999,10.23,-9999,-9999
QPB,19334,4/1/1997,1105,-9999,20,7.2,92,12.47,-9999,-9999,8.71,0.35,3.72,4.8,-9999,2,-9999,-9999,-9999,-9999,3.45,-9999,-9999
QPB,19346,4/8/1997,1200,-9999,19.5,7.27,76.4,-9999,-9999,-9999,9.99,0.5,3.78,4.9,-9999,2,-9999,-9999,-9999,-9999,10.97,-9999,-9999
QPB,19358,4/15/1997,930,-9999,21,7.31,76.4,12.38,97.57,-9999,8.78,0.65,4.32,5.52,-9999,2,-9999,-9999,-9999,-9999,4.07,-9999,-9999
QPB,19370,4/22/1997,1030,-9999,21,7.25,87.5,10.05,72.58,-9999,8.5,0.22,3.61,4.36,-9999,2,-9999,-9999,-9999,-9999,8.03,-9999,-9999
QPB,19382,4/29/1997,1100,-9999,21,7.1,90.6,9.97,354.11,0.76,9.89,0.49,4.05,4.64,-9999,14.89,2.22,-9999,0.27,-9999,3.42,-9999,-9999
QPB,19394,5/6/1997,1125,-9999,21,7.26,87.4,7.43,194.49,-9999,7.29,0.31,3.27,4.13,-9999,2,-9999,-9999,-9999,-9999,3.22,-9999,-9999
QPB,19406,5/13/1997,1130,-9999,22,7.36,81.9,9.77,96.42,-9999,6.91,0.4,3.38,4.31,-9999,2,-9999,-9999,-9999,-9999,14.76,-9999,-9999
QPB,19418,5/20/1997,1040,-9999,21,6.72,77.6,9.39,119.68,-9999,7.09,0.58,3.18,3.77,-9999,2,-9999,-9999,-9999,-9999,4.34,-9999,-9999
QPB,19430,5/27/1997,1030,-9999,21,7.43,79.8,9.22,74.77,-9999,10.73,0.47,3.52,4.1,-9999,2,-9999,-9999,-9999,-9999,3.63,-9999,-9999
QPB,19442,6/3/1997,1120,-9999,21,6.71,76.2,8.98,83.4,0.96,5.58,0.36,1.49,2.26,-9999,2,-9999,-9999,-9999,-9999,9.78,-9999,-9999
QPB,19454,6/10/1997,1115,-9999,22,6.96,88.7,8.86,-9999,-9999,8.47,0.52,3.47,4.79,-9999,2,-9999,-9999,-9999,-9999,9.5,-9999,-9999
QPB,19466,6/17/1997,1110,-9999,22,7.21,79.9,8.26,100.84,-9999,7.03,0.42,3.87,5.05,-9999,2,-9999,-9999,-9999,-9999,4.52,-9999,-9999
QPB,19478,6/24/1997,1110,-9999,22,7.01,69.9,10.2,75.72,-9999,10.15,0.95,2.26,3.33,-9999,2,-9999,-9999,-9999,-9999,9.85,-9999,-9999
QPB,19490,7/1/1997,1130,-9999,23,7.36,81.3,8.56,59.13,-9999,6.47,0.3,3.56,4.38,-9999,2,-9999,-9999,-9999,-9999,3.16,-9999,-9999
QPB,19502,7/8/1997,1120,-9999,23,7.01,79.1,11.12,136.63,-9999,6.83,0.34,2.44,4.21,-9999,2,-9999,-9999,-9999,-9999,2.57,-9999,-9999
QPB,19514,7/15/1997,1125,-9999,23,6.75,80.3,9.81,192.96,-9999,6.58,0.35,2.54,4.37,-9999,9.51,-9999,-9999,-9999,-9999,14.38,-9999,-9999
QPB,19526,7/23/1997,145,-9999,22,6.63,59,10.27,-9999,-9999,5.82,0.27,1.84,3.18,-9999,2,-9999,-9999,-9999,-9999,27.72,-9999,-9999
QPB,19538,8/1/1997,1025,-9999,23,7.13,77.1,9.63,106.13,-9999,7.08,0.36,2.64,4.98,-9999,2,-9999,-9999,-9999,-9999,17.55,-9999,-9999
QPB,19550,8/5/1997,1130,-9999,22,7.4,82.2,10.19,99.96,-9999,-9999,-9999,-9999,-9999,-9999,2,-9999,-9999,-9999,-9999,21.28,-9999,-9999
QPB,19562,8/12/1997,1130,-9999,23,7.01,71.6,7.96,47.54,-9999,6.56,0.31,2.8,3.39,-9999,2,-9999,-9999,-9999,-9999,17.47,-9999,-9999
QPB,19574,8/19/1997,1030,-9999,23,7.35,79.2,10.1,76.78,-9999,6.62,0.74,3.07,5.34,-9999,2,-9999,-9999,-9999,-9999,18.37,-9999,-9999
QPB,19586,8/26/1997,1021,-9999,22,6.83,67.5,8.57,29.87,-9999,5.91,0.34,2.5,3.05,-9999,2,-9999,-9999,-9999,-9999,3.74,-9999,-9999
QPB,19598,9/2/1997,1125,-9999,23,6.89,66,9.87,73.17,-9999,5.93,0.89,2.01,3.32,-9999,9.31,-9999,-9999,-9999,-9999,26.72,-9999,-9999
QPB,19610,9/9/1997,1120,-9999,23,6.95,75.4,1.61,9.31,0.88,1.17,0.13,0.93,0.53,-9999,5.92,-9999,-9999,-9999,-9999,-9999,-9999,-9999
QPB,19622,9/16/1997,1110,-9999,23,7.15,59,8.9,53.52,-9999,6.42,0.17,2.34,4.11,-9999,2,-9999,-9999,-9999,-9999,12.41,-9999,-9999
QPB,19634,9/23/1997,-9999,-9999,-9999,-9999,-9999,-9999,-9999,-9999,-9999,-9999,-9999,-9999,-9999,-9999,-9999,-9999,-9999,-9999,-9999,-9999,-9999
